disease,temperature_c,rainfall_mm,humidity_percent,population_density,outbreak
Typhoid,23.914904399655143,76.34439948547808,21.031797583162035,563.2844364234247,0
Typhoid,39.51984513536462,181.7778586242742,60.29667096672566,884.4950698927136,0
Influenza,38.312223089745046,280.1597828538746,52.17789878776899,495.3503864814514,0
Influenza,24.092328118903506,219.79057041024984,85.63020059591787,347.50389507641825,0
Typhoid,31.31865269629687,71.45483431401796,27.955311420747613,281.0135814494814,0
Influenza,24.3312947907335,68.18088817894544,25.85567390147549,623.276163712309,0
Influenza,32.878125495422196,287.14044976193884,54.168403628827456,501.34532365713443,0
Typhoid,18.105499168201483,268.8663908055115,67.5821309901549,635.7743527693503,0
Malaria,21.4698102091131,94.93713926232485,26.957361620474643,338.058794652038,0
Typhoid,31.29169796766065,94.2182384978196,40.34575849426534,828.292349627888,0
Typhoid,18.392207944806984,268.0905760038401,25.971074486354304,912.3486615186371,0
Typhoid,29.73634973711743,183.98750546621372,71.01505975167484,279.92097598183335,0
Malaria,18.35038071126602,8.634802894001691,80.41098045388952,639.2940737857914,0
Influenza,36.61522089887592,230.55580935713738,29.04878552612584,805.734853111583,0
Typhoid,24.82273339012233,77.61328422469035,47.77537340497695,804.4732280513244,0
Typhoid,26.08908363746257,281.6630925426819,43.595665923387365,501.6904258606644,0
Typhoid,22.344397654359767,12.449750154923834,70.9675760659554,617.4277993357958,0
Influenza,22.58187868918989,30.31374330319401,75.37290733553056,109.17720822355956,0
Malaria,22.804797094659698,217.53334797999483,83.70405307321057,841.290522702728,0
Influenza,33.8817605124202,38.314045090570445,86.08541042020227,792.9266832868666,0
Cholera,35.56501401649146,108.05719242337886,30.16484101215078,546.1310970520642,0
Malaria,34.79249971133379,164.6515970160176,69.03201286895595,264.8396990104437,0
Influenza,25.044470016358105,298.15451666990947,90.42518097191416,642.2356602514681,0
Influenza,26.003812343490033,36.61147045343365,59.614152808901615,82.66909505945748,0
Influenza,17.059526140396066,204.14979062241392,72.36089714249081,309.59655064829883,0
Cholera,26.13854096854727,62.75563962237835,23.998322292774297,851.4671808492326,0
Cholera,39.21629859935337,206.4090030525117,86.9571099389899,873.5252700452993,0
Typhoid,39.29613253313711,153.78457323095998,43.270148338526596,495.9364998897952,0
Influenza,25.11270317805475,266.3310296282879,88.07427590140102,938.8532445099002,0
Typhoid,25.40384995449404,144.4032454905971,21.535382145844537,296.82254830778254,0
Typhoid,21.615875673133935,198.59068343816057,85.19517828324314,789.1239809874205,0
Typhoid,19.9524408189935,169.59907637148297,57.114598935066894,973.4050631499603,0
Cholera,36.4955958847819,10.502374442041695,82.98986760040845,440.7724931741867,0
Cholera,19.530826654141503,19.94888021003325,79.28965194320472,595.7494575209163,0
Typhoid,39.20483569786804,55.65765471093634,89.48985343644887,787.7670101521546,0
Typhoid,36.057850882454545,15.49064336235385,21.459398514268884,712.1133892481005,0
Cholera,18.48180181658468,238.20755678108878,69.60582047428107,556.7880373775054,0
Malaria,32.539131640073556,2.9482657709363536,52.734606996679084,362.91030583697193,0
Malaria,23.084289052888018,67.99692066809641,48.39970446655499,115.9526506087887,0
Influenza,37.97316334098886,75.67230605200848,80.40335429970227,487.512522410433,0
Cholera,22.819449730258853,196.30260164781592,38.561454424704856,63.66237376848078,0
Typhoid,25.315441922785663,111.60542573783495,82.11303685935974,373.76336324036697,0
Cholera,23.954067950821013,34.0672776598887,73.72585564742397,544.2923158586036,0
Malaria,30.79533817541671,77.94107431924793,70.72045624796891,562.9861107300627,0
Cholera,22.846887418061762,161.4068116091709,87.20864627513599,989.9785744168037,0
Influenza,15.782557843687906,219.38102009210567,92.76196087582547,864.4920874878737,0
Cholera,21.28606098779496,82.41953910777264,36.57821192064452,884.3096341052326,0
Typhoid,21.485585835782313,113.90772245018007,67.22359540118461,304.6604587817325,0
Malaria,33.7344754181039,275.3522649280659,28.642316599326342,271.0048064674362,0
Cholera,34.34586308003351,108.82736839978364,88.88544159797773,258.53499882691074,0
Malaria,38.90555476622371,39.94350125342908,28.171962372603048,675.7575388970714,0
Cholera,32.56600514645572,19.958282463256573,38.463572314122544,919.8886206485673,0
Influenza,25.500275107391573,173.507928934962,86.60894186609049,813.9572867346899,0
Malaria,17.15080392582358,17.10807420108581,28.438674196882854,606.3082996789819,0
Influenza,35.09180192247786,55.97101766581075,91.40471987919823,562.3751298198682,0
Typhoid,19.131051261065082,174.89532784938072,99.97710433247312,192.99541708024287,0
Influenza,20.725634773119907,162.85479318402267,54.522251450915405,366.1749966168601,0
Influenza,23.88299371184719,202.19826244371913,25.005187377556126,249.9815926820758,0
Cholera,18.22174668683613,100.53565627774258,79.48066050332862,202.72190124589278,0
Typhoid,20.72236512116534,69.7936615688043,37.66421038285113,215.0649658791798,0
Malaria,23.67406649336396,117.22654569889113,32.6943098951748,295.31946868285206,0
Typhoid,37.11060688754942,210.01028183163132,28.352330379846514,429.1451786700369,0
Malaria,32.32300573061971,296.21054169366,38.01288193727455,679.2020178626033,0
Typhoid,37.07287041296806,197.71362303966973,36.89854651783448,869.8469897909284,0
Influenza,25.40363419101517,154.1552203729794,92.26384115005685,895.3895401498122,0
Malaria,16.588958757150593,93.29469651469866,46.014665762139764,743.1258694211608,0
Typhoid,38.308068955721936,222.48078583553564,42.35327073408576,175.07090935359548,0
Typhoid,20.894802348980246,232.80006211062886,52.424814646859474,621.7626144789081,0
Malaria,24.680578530255175,84.82963711802958,44.359233948322434,983.7995355769658,0
Typhoid,33.746269110911655,123.80259782501899,71.68769400040503,664.1275856183767,0
Influenza,28.48728230938343,237.21694945168906,45.5002002345656,644.5968076151587,0
Malaria,21.79865098546122,207.70767673831745,41.124958775497504,942.115055477777,0
Influenza,33.46493645330827,94.688203129005,71.5866083217851,425.3743622309281,0
Typhoid,15.170367447503203,157.02215552024157,93.72107135259343,821.4737304582451,0
Influenza,38.264880366097906,34.90991936564283,85.39597667929533,411.59212880275106,0
Influenza,15.358272646675031,143.50064450116676,21.681688538097372,828.6290754125099,0
Typhoid,38.51698112788351,77.78902765973213,54.37254501911481,879.0937379603718,0
Malaria,22.551512545869876,219.58742027569036,88.09394086822167,687.8534360540837,0
Malaria,34.96639450891591,279.82588171809397,21.611027915943186,196.09452023755537,0
Malaria,23.07749254165843,296.32486172975655,46.05478416511626,424.4292444434967,0
Cholera,23.748623488240995,278.7865206786178,50.33812297443592,839.7993209108715,0
Cholera,34.15868032761631,121.9249609722056,90.38701983531743,666.2488056894963,0
Typhoid,35.27196452519796,250.7477783731548,46.575282649248365,708.9371546001055,0
Influenza,34.26018544519483,204.98861298195155,55.67221651013987,309.9453329675826,0
Typhoid,26.657743903504254,22.70991819293624,51.0260871933545,813.3607764894732,0
Cholera,33.98360819807165,150.13359273922245,63.389093198379065,953.9046316826916,0
Cholera,20.99468397893508,28.161987024387525,34.62927976858459,937.8832974727243,0
Typhoid,24.90605047256647,227.47154271122739,75.68164944430337,196.2011110228623,0
Cholera,24.085098299985674,281.45435175741676,42.045342104734274,365.5638959586459,0
Cholera,38.11734045696407,263.2018060142943,40.63533021721245,676.98484373247,0
Influenza,20.98775424773845,238.3734836100571,22.773621338118666,603.6664933293151,0
Malaria,38.43470166242797,12.952120739103501,33.18518525835497,175.14233478183382,0
Malaria,28.63725851237089,62.11712501490986,63.5178489027974,270.019073525704,0
Malaria,38.45160348920328,275.29418337133006,90.99751521703058,644.1617776582638,0
Malaria,17.346432120583906,272.8880458309777,73.53602103504628,837.8224593509177,0
Malaria,31.928015993375233,181.7337748358071,49.167498255803196,256.99792654224063,0
Influenza,25.135570628478874,154.88498975930221,66.45161807277073,939.1403858361315,0
Influenza,30.48474923416255,123.35714276084732,54.19891632722144,363.7704341269802,0
Malaria,27.38728290515496,206.5207189283208,54.7861870882997,284.08193157715147,0
Influenza,34.24366557142718,292.62311030542355,65.8850624021368,374.5590570560717,0
Cholera,28.92601283187588,69.41419091305441,60.19418297331011,744.91204171796,0
Typhoid,29.98993150110135,165.10538365162532,61.116435735256644,705.6169617979076,0
Typhoid,26.076484058260526,148.2443011913648,88.88362396026496,488.1085561912145,0
Typhoid,26.943553159988397,143.44767706675324,81.43759824494651,647.1380806149191,0
Typhoid,23.65760802723502,139.40214388188343,71.98189461142107,95.65597798718204,0
Malaria,22.43094519271543,89.97573345209541,79.45545589852827,95.73569417943577,0
Typhoid,20.318197375605724,283.85836286450706,82.5036840376962,157.7913719165756,0
Malaria,28.845056017809405,91.65729319740706,51.75852136594267,474.84241347959386,0
Influenza,27.104325804085185,238.20433507978882,66.11911225118928,374.96596292467757,0
Cholera,32.39045366242017,0.9654790812836045,69.56714699678726,387.7183599192895,0
Influenza,25.651774440652424,164.40970699927203,61.68585524067103,382.6928415361938,0
Typhoid,30.615351202863287,259.32997406050924,66.95492052471256,601.9028608937704,0
Influenza,30.94692731659085,222.29437508237356,62.39932183411349,837.5668459182165,0
Cholera,23.639489646770325,2.094678564104435,52.27847752215997,273.01670063872274,0
Malaria,16.700932852291743,95.07124131618743,41.34356395470647,530.6295101390742,0
Influenza,17.030740870166817,297.774538646329,32.49612063444794,988.999944265307,0
Typhoid,21.58118366295028,0.19601722838986646,89.65352273004142,802.965072548678,0
Cholera,25.72655923256665,82.77680831416406,81.48650647305615,264.9588085030269,0
Influenza,24.47275695147036,2.0131170912179863,50.86996023160928,802.1342462982792,0
Cholera,23.436356974105724,261.2065366372318,26.6819931744015,250.56964543013552,0
Cholera,25.9400781013848,76.40118661381536,87.26972635407381,86.50503151420875,0
Malaria,29.495739401193127,84.76508025559167,42.32066322782373,434.72015800737904,0
Malaria,21.721168561321083,188.53021422569967,58.54939834196933,393.6247421166016,0
Malaria,32.099094234953526,184.75534931697416,95.51132836486057,947.039017268909,0
Cholera,17.203803953416113,58.36050995054522,85.6441711404575,692.8124030788551,0
Cholera,28.2588598432064,5.358567743495812,83.7438262291222,329.459574676304,0
Influenza,21.96176822318881,255.89459859917744,94.27068045090459,996.5783789951026,0
Influenza,16.132600244301113,112.38378438794136,70.0687932571389,527.9794456510833,0
Cholera,16.63415393910963,146.27135810201528,22.68908801466261,109.5205432825868,0
Influenza,25.648442711673486,298.40524955894614,27.400035035117103,791.3304696031506,0
Malaria,15.064875609591164,260.49033211067604,26.761360614454553,617.414178142659,0
Typhoid,28.74671406940513,15.171931147268658,54.08969903617846,840.7453626779452,0
Influenza,22.590598453596005,93.50694855451243,20.251272483849768,215.53123156311057,0
Influenza,36.258700027997385,63.59821640959742,72.58827857361028,498.6677139548326,0
Malaria,34.90601488907136,226.2069104785147,22.875093993724267,424.9976361525867,0
Influenza,23.846784414031234,287.58815319396615,34.74967365431706,135.82011254872748,0
Typhoid,19.338112874662716,208.48532667073852,47.687978123022845,976.8296908169192,0
Influenza,17.571064803936917,37.786558913807475,98.33212440804925,690.1469533565045,0
Typhoid,21.735308344963038,73.23765667433226,33.46328337383444,257.82600859441675,0
Influenza,28.686787246557966,82.31538156077623,92.12664042296541,254.44425574653314,0
Typhoid,22.376808731607735,89.65714057770924,28.564574284334885,468.0551441839288,0
Influenza,20.931227187420003,97.61990944778032,79.71931240944193,667.1512540948539,0
Malaria,21.968996810363826,63.21148916016095,96.5958415230477,58.42012085779545,0
Malaria,32.31090378310924,297.37679811065647,30.27154315633002,148.904166914958,0
Malaria,17.06271336101053,247.35421406905016,48.62410807426171,355.98996710836855,0
Cholera,39.662185039293234,83.48029824563089,51.633461619390246,702.8304966452428,0
Influenza,20.198908982234748,12.595628672876469,58.340807193163,222.6371285667487,0
Malaria,39.61636193977099,62.72920937688428,30.42825040346124,243.35813019255158,0
Malaria,27.917459630656694,227.63287612719753,42.59968527782818,385.39787202028725,0
Cholera,22.000933238762236,257.50250303973627,43.37745843695182,915.2316535617194,0
Influenza,36.659662856283546,64.65896063739956,48.8302255944278,115.0801362956306,0
Cholera,22.698248539779772,211.404228820994,36.14827616983587,689.7608116586714,0
Typhoid,36.80120846117519,158.16785425194007,70.60352879726622,662.246763264982,0
Typhoid,27.133974578997176,36.730169507682305,78.01484384219125,356.86063846690314,0
Cholera,27.840276163608113,76.00715101789842,99.01276738730014,326.92095387753676,0
Influenza,30.24579513746736,169.03167820453763,50.433576338623816,571.074735568903,0
Influenza,17.736721501361348,268.34397929042024,99.31802681160386,108.4411749272733,0
Cholera,15.317872249672337,297.72462014684106,73.71639479157146,351.0763534776977,0
Typhoid,15.45581456690904,58.73339570506383,20.605029998251368,665.1009784468729,0
Malaria,29.43983414702894,190.37472526509112,83.83313276927153,426.17194902933215,0
Influenza,27.314975130545353,190.02352207263812,84.44207308608456,427.9899667791719,0
Cholera,27.146793979658142,77.03297031615239,42.78983215695383,341.92546667997226,0
Typhoid,32.636520757087155,128.2804001110012,55.403641185179644,666.8562083480376,0
Typhoid,36.936521565759506,79.68001277661182,30.361193702624334,894.3106758755283,0
Influenza,38.96353742207996,254.14294322867693,48.39241523701765,958.9608408701336,0
Malaria,16.558534062781035,44.32172757186801,30.64935428699826,702.8072301331646,0
Influenza,28.00476308128886,134.28088209606508,64.6256153543361,207.73259774538568,0
Typhoid,17.770199054495176,179.5594727053097,27.600935919384373,407.19324544424586,0
Cholera,30.573434573377966,224.36148122766855,22.78921281870599,900.1753691664479,0
Influenza,38.524808064360926,186.9631119204021,79.33018299615111,814.8424464390781,0
Typhoid,36.14623876149919,120.282528741914,81.04866908810466,832.0027891734163,0
Cholera,21.013289629503717,201.7151529875111,86.08517476386284,689.4375243656561,0
Typhoid,29.88074331798504,261.5739183841516,66.15852899341455,378.20681103727344,0
Typhoid,25.390097397683387,254.18150031655782,92.17891227697905,883.487831594997,0
Influenza,28.94533063777675,54.178379452590264,24.308656559842092,354.0568408949343,0
Cholera,17.086602124734583,264.72491052220164,84.28828283532282,529.9464348978063,0
Cholera,27.80711893108713,34.285730999393834,81.18407779674217,694.9528388239485,0
Typhoid,33.41005037664101,199.14135828654153,57.97047005998511,851.9619265207373,0
Typhoid,33.78197310934417,269.0985868093233,87.68993684241852,223.67271911226462,0
Influenza,24.898430654898746,226.87613742673028,56.334693018936484,441.6657414400823,0
Typhoid,15.639244977243367,236.39104007727948,92.25984840761045,304.0445145485023,0
Cholera,29.479381384368054,25.602400945297454,23.44055614935516,683.5233275233757,0
Influenza,23.095489372560785,198.34220352860896,72.17882825059526,288.52609848190934,0
Influenza,23.470325540121202,121.54456610352199,39.12116277327547,647.4292521387667,0
Typhoid,23.866655124627073,165.19901383225545,52.256620490660175,841.9618099514137,0
Influenza,34.81487790720958,272.3696381338858,95.49612742561766,962.1288241851748,0
Malaria,26.478100582167023,90.98576725478488,94.60439027354496,162.7115774545013,0
Cholera,23.884614217143486,235.13753534561917,64.33812113056133,54.9681328657671,0
Cholera,17.99405329548128,267.1581842219685,67.48739628432389,695.1472031872651,0
Cholera,39.325263868811135,117.92931740002813,91.36372441416907,649.5816946973997,0
Typhoid,17.489492838500723,4.808446936536937,97.09481509496393,408.1368589224996,0
Cholera,28.273441960302346,178.53950247170445,20.79390569022685,490.8904014808287,0
Influenza,28.97451585249435,150.3263640786591,76.49545463706869,557.576024298992,0
Typhoid,16.533740677766705,234.22847582053194,56.78403390154561,105.255605730202,0
Cholera,25.03614077282984,47.58724335791339,90.55937357773087,832.589185596107,0
Malaria,18.728520648493436,235.77758286267402,69.43452478770384,374.75492122318747,0
Malaria,37.43414664477329,186.78916007959742,97.8706095331857,491.7590416501062,0
Typhoid,27.483345874465456,79.80578340161422,31.93902223601409,170.83977455307712,0
Typhoid,37.33511822719967,116.35028087132831,43.030374245574464,738.4614415487333,0
Typhoid,37.18561338425901,268.1800532009971,46.865309171322764,634.3162663139631,0
Typhoid,17.177732236535853,146.21533250161286,75.31328460105216,298.6635451277583,0
Influenza,28.39086251468936,185.4872396264364,74.45378985805897,683.3949533647103,0
Malaria,15.253279600693585,190.82881392286265,93.06295580609894,631.9447949275782,0
Cholera,32.67094639451353,290.1790762579097,86.13216459685123,907.9390414827113,0
Malaria,32.50629898611302,175.74304379157059,66.91832737509657,712.7870961440714,0
Influenza,21.58289459383,13.83706930072015,65.37366239355084,319.63702467234424,0
Typhoid,31.015889820064665,124.78317137455652,80.72551514067005,629.1494610740568,0
Cholera,20.117002726432098,177.33909097755495,34.89087182026783,364.9864641138341,0
Influenza,20.75798061707194,31.923528870853378,85.74019335883123,182.02054229229336,0
Influenza,15.13805292809006,244.63842853645025,76.54858750780937,742.5568096389379,0
Malaria,27.619889957613204,215.53618419676502,89.01123769193431,220.29283131240055,0
Typhoid,28.137615549216,144.4904539604587,34.15097161150835,417.7248223188493,0
Cholera,34.582449573901194,79.77853518963563,99.22658430349186,74.48111882613358,0
Influenza,38.4578932162829,245.62206884521524,98.68537652109305,296.6872970028933,0
Typhoid,39.650026595571774,226.0134555776825,50.10076684247326,129.32568086373533,0
Malaria,16.195770509852636,11.406554471236474,79.69658059854709,676.0837574934967,0
Influenza,18.208146554719114,173.54775246879902,75.47377024450472,715.580921574729,0
Cholera,24.31333184398877,20.61410331718829,49.56593595414185,491.0265937522637,0
Malaria,23.482631682739186,151.77949629586755,32.9538405305771,675.1971071536675,0
Influenza,15.041093927811243,112.92448875620819,65.66091847672587,504.76961506724643,0
Malaria,29.75869226146932,152.50816407488398,43.803876105505644,586.7708932160654,0
Influenza,16.14355084531282,261.4610418457129,97.87911753419175,970.4339625214069,0
Influenza,15.600126121122221,100.61148186523873,34.16658043178319,143.5029796463003,0
Influenza,16.883976508811557,207.5143191506736,62.747702002357045,762.4152119964732,0
Typhoid,27.109961189351015,198.2460354897752,64.24011620735668,617.6020695003335,0
Typhoid,22.140649714056078,220.3824902131605,21.915701221638678,605.5864207405014,0
Typhoid,38.17944548698632,70.39262455663606,51.94527326474465,194.79521266389656,0
Cholera,24.18476821742676,26.105165490836622,64.54279287425504,852.864808921233,0
Influenza,38.116044778215915,16.867288455291675,58.85074387306723,917.1607603874686,0
Cholera,29.03711469898809,168.19802832485126,68.27901332771638,692.6445403650441,0
Influenza,35.95663398864262,212.81489012621728,95.90767646649043,79.85073043570928,0
Typhoid,38.694492449230744,42.359719061155474,81.08126749345698,153.24841240595748,0
Typhoid,27.56800975231198,69.6638085440452,91.96596586196547,414.69666030455085,0
Typhoid,30.0145799246784,49.87659910491019,50.3789923857319,636.3345157611184,0
Typhoid,38.61830055728525,140.22045337496093,69.07291113685662,208.68224878747145,0
Influenza,17.853499232740802,282.31447801151313,89.81240577408444,479.4822669707977,0
Influenza,29.967849502502688,118.99793290306859,38.962228568666895,272.9403363484735,0
Influenza,39.40034558198034,37.665064428796015,21.35581319116648,781.6503011692412,0
Influenza,32.70907441787587,251.10399850910161,75.79771693354269,696.1337331722854,0
Influenza,27.19167671553161,195.66727786364174,96.04248420689628,620.6185132209381,0
Influenza,15.607899160786346,193.64168877215033,34.16885435256391,943.4356551352686,0
Cholera,34.98525997272607,188.37011684727233,26.540722555909753,879.8996929014384,0
Cholera,16.90500948997908,282.159548140615,53.33112461907834,602.1044901217849,0
Cholera,21.172685666689638,251.56476447084844,48.49485176940753,835.474225106598,0
Typhoid,36.98954637378823,261.17352751380207,39.10369691052314,478.6773769719387,0
Cholera,30.752328171541585,248.59587183548678,82.67756480394141,313.21578722772966,0
Cholera,36.58664325853658,66.91861846282706,89.84870742113822,800.0176835028498,0
Influenza,33.48236837911933,31.903117876732377,45.193567089037415,53.62627741812979,0
Malaria,28.218110477460893,247.77531219480912,57.049177107000915,314.5346690548944,0
Typhoid,16.664118197855572,194.49540223562866,25.928433805989364,406.69548204317533,0
Malaria,31.084129497794606,234.11993284418236,37.376727815296846,180.93175420127363,0
Typhoid,36.23835538719753,26.696914456903997,99.33568586979615,563.9527539812794,0
Typhoid,22.78610660114103,68.21868626313379,68.63155150354069,410.3404134662714,0
Cholera,18.19842311279458,104.2521247275543,54.83149169405885,426.16350931022464,0
Malaria,34.48791753560158,4.860119201840163,85.47043398236282,88.1319161310982,0
Influenza,26.917386876028978,118.30959714550507,63.953139074436265,759.5319303290315,0
Cholera,18.187142003506153,240.06190430507374,89.04072368537815,193.1531126507921,0
Influenza,29.426016611547773,209.32688282202884,20.487099859187126,145.8941399786454,0
Malaria,36.26818650041137,223.79235766461545,52.68146343487335,936.2911637449569,0
Cholera,21.30779817674218,92.33127158794473,69.0910322391507,903.0385287715501,0
Cholera,36.652390840292284,284.0201186770187,28.472464352300612,197.08718196783386,0
Influenza,22.93874250643971,254.43277050468902,95.77291703201982,890.6123618112041,0
Influenza,28.03442553684353,268.97239754070307,35.70354418488536,71.43628612007987,0
Malaria,20.042980058384906,268.7290787020558,58.02961785456894,585.1117933775645,0
Influenza,26.774006310868337,198.57408979110346,80.09417095632342,766.1746785744174,0
Influenza,27.22621001123208,105.49496170257162,92.76387784097108,590.5077091177582,0
Cholera,35.14981374437895,165.06796264687853,23.473002628385533,651.4938068143213,0
Malaria,29.61670225414562,40.0951744231554,55.50873507370409,478.23746969204564,0
Typhoid,33.00959996466115,153.33409154685015,68.34503857922559,487.8534212962528,0
Cholera,28.388845371991813,107.06579255133306,48.30313269891488,837.1278180107773,0
Cholera,16.441189554975622,102.734393650414,41.61981537046266,968.096516573087,0
Typhoid,29.523301331569943,26.887901746482633,77.41086287269036,429.9099464639484,0
Malaria,33.04823068789199,115.44108516633096,59.15011591765362,458.1281625257452,0
Influenza,36.22989128913298,74.90040265775578,59.15399709145124,260.1489697286221,0
Influenza,29.24724212178291,228.73760572220715,90.14125094093995,374.9776612801121,0
Typhoid,22.694430994276235,244.9157205639187,97.43790123518585,133.98781219736424,0
Typhoid,15.728879650552225,272.17468330692174,32.5026967639821,259.08424302781725,0
Malaria,32.815533327462816,245.03383995169082,34.52911742052821,402.39395774987696,0
Malaria,37.25591554489427,34.47190300857309,20.30697164062407,526.907787852223,0
Cholera,26.716516049853155,16.890982704551206,29.505433301445755,161.64993443824963,0
Malaria,19.51643853278258,284.3058531192839,37.50173667287037,359.90948163188494,0
Influenza,36.45300985627759,235.13171670517477,54.31879454727124,241.01189444744787,0
Influenza,37.45966166460087,119.85563537608044,46.143576468622186,60.270529453436524,0
Malaria,21.454331354779228,202.38235587486486,43.7382112883272,732.5077683277984,0
Typhoid,34.62709143099393,82.10953730351129,92.94549029488734,142.6323078406815,0
Influenza,34.678165065040105,292.45039583433356,49.69656751119986,457.4425349179867,0
Cholera,37.887207439701044,10.183793575739653,75.7936213797472,332.4815570039232,0
Influenza,27.404159602830486,53.47574007139247,74.8729016839891,991.5701102302385,0
Cholera,31.439007819450577,93.27867900226624,79.38784404580073,824.3624652563495,0
Influenza,30.827536431831696,101.70893731461021,47.93676596901287,739.6578949267274,0
Influenza,38.910392438985625,239.39679664301502,40.7186121281451,609.1265175245832,0
Influenza,27.131996856907893,111.8060601282148,51.57531734475778,852.0024836899958,0
Influenza,36.93154407065449,99.12240116273216,47.23246746796518,989.5769404326652,0
Malaria,34.23732332979842,56.11312456725701,45.89433891233949,454.16461668559595,0
Typhoid,17.106609153896276,106.8279255499265,74.43075310100177,310.41434562824065,0
Malaria,17.91147326204281,38.12887206553177,35.14269167328075,486.36486876051566,0
Cholera,21.69001997154269,100.70214991171788,79.95123622409272,593.3165936580707,0
Cholera,23.795125160258813,228.5027628640988,60.56659392482133,656.0067808253135,0
Influenza,27.809820518302665,104.64957223758904,49.985993947999816,640.2640929479219,0
Cholera,34.47756465989467,182.90922754578477,75.97116556976974,846.2472262392105,0
Cholera,17.54732752182342,2.4959826681576036,54.686623410609144,137.99420889879883,0
Malaria,16.762298641078615,55.69401147037291,73.13755079911746,887.6060812513326,0
Malaria,22.03802996037325,261.8261518698384,29.00643123295496,718.5016785877559,1
Cholera,26.873774131593706,16.56675622290854,95.39067632018215,121.08014493522438,1
Malaria,20.39187880994293,197.66564106979715,51.50915245233268,668.6713281894175,1
Typhoid,38.90117859029833,60.14235465852084,28.74113682476971,861.263868607651,1
Malaria,18.483901851820605,250.47907103978974,98.75217445628417,549.4056731875515,1
Malaria,31.329069763282074,281.4914455345448,89.69635858104417,777.7615377085375,1
Influenza,34.692825388192716,187.3276339415184,59.55849050360744,980.573298362669,1
Influenza,31.594742154389728,289.0183302640651,64.81345467694736,939.9813389314372,1
Malaria,35.93827085190139,184.34573325348939,66.49563389767653,290.9537777383364,1
Influenza,21.18849889008438,167.52380177495937,38.04321139549884,202.78419562428056,1
Typhoid,35.97493319295027,3.4253950362220897,76.29598237032408,971.7442542397542,1
Influenza,38.01849125856589,12.017735715208344,43.31687307950351,247.1638893954183,1
Cholera,28.949518469565994,165.75408443481757,27.532152810055834,376.4800329786479,1
Malaria,20.964921494758507,203.95343397007375,79.19270083578996,276.3243447837805,1
Cholera,33.04996930667062,281.56581270472503,20.062301267281146,992.6009813266567,1
Influenza,27.088746269759227,66.02701981418173,40.31878027010028,883.8075698864558,1
Cholera,15.005675955456388,274.5004613242582,87.51035289847432,755.1776199125998,1
Malaria,18.04404777813187,143.47020691442168,60.48860438774007,270.92379044711106,1
Cholera,35.058858228981606,143.72101893100537,21.4400071156172,450.37183950028503,1
Typhoid,21.85538005871675,295.19329438794847,52.74672050520344,899.3942434951776,1
Cholera,26.892195450273967,202.31989554419445,81.03146684434913,93.17987541400616,1
Influenza,28.621193977112892,227.52750536073333,80.32861442529313,67.04839464006724,1
Cholera,38.141870772017796,131.45170392359628,92.11005196707555,883.9966010892612,1
Cholera,22.08357370663954,5.528315621465241,54.579262711400986,848.1154276041578,1
Malaria,15.30852615150935,42.888263280225644,79.38348305362102,281.9535282803454,1
Influenza,28.634528030457563,26.460511136961205,68.5501873261544,194.00507822638596,1
Malaria,32.66510322485544,160.60433041849703,70.82586773666569,236.6626186084006,1
Typhoid,29.36948885661038,8.900466919421945,74.03361660376714,92.61088962239023,1
Malaria,37.65358136914416,83.07134621334268,98.68171781721776,183.6759516463205,1
Typhoid,31.089442379913123,157.92079828083396,78.52716174042655,127.5484829290601,1
Typhoid,36.82607867538009,50.6575390111185,24.290783321666467,731.5917410813165,1
Cholera,38.44913078584736,25.531045835935608,50.84780740106667,117.48314459180202,1
Influenza,27.93233705380633,123.93221931814327,35.94763915769465,441.74816291094703,1
Malaria,33.43513015234548,54.68516354278742,65.11720736150691,848.6744865840345,1
Typhoid,27.028502546370436,159.77682976547575,24.145882945794153,369.77406428422455,1
Cholera,32.6271091074165,74.61724632908638,46.42020232152788,462.7292522638578,1
Typhoid,32.39487417351864,283.2626515038323,99.64087744126931,477.7629699195112,1
Malaria,27.43281115422431,69.0752762131544,23.565105875894332,444.8600773516104,1
Malaria,22.46087280904692,72.11471660984515,44.95192640034244,293.24518684970656,1
Typhoid,30.935747537455164,217.82740011679846,98.06816635700277,540.4853308861356,1
Cholera,24.054406369968206,216.93848216476624,36.04482008583864,243.39945866904242,1
Malaria,23.620440193654243,101.19328624536827,44.95295244293642,166.00594012807352,1
Malaria,32.9768905127703,164.25536521799833,95.50224890946953,288.3458007073995,1
Influenza,35.42977626816602,4.098505641182825,91.65810844120917,77.49710090619871,1
Cholera,31.331575480933253,99.69438760653267,63.3982908575494,518.6130044446096,1
Cholera,25.96618750615137,293.24887746266796,84.6292516547185,750.5394470963489,1
Typhoid,24.26180256978455,145.3568955573064,69.46038172242368,400.4679575912838,1
Typhoid,28.30283713163289,32.15160340193282,55.79298934587637,555.986403132272,1
Cholera,38.52802031334184,262.89582994269347,28.205437006687184,423.0942061078454,1
Cholera,34.04495478444243,115.96215204690836,60.90203697606009,517.7092060011228,1
Malaria,22.40683764260206,49.58008171890075,21.250912539295513,452.23140667105116,1
Influenza,36.33106172992794,202.06397343941725,30.98893967749394,313.02647101741167,1
Typhoid,15.379422057170672,174.42513167460615,28.46825887023271,879.3684243282303,1
Malaria,20.372815925909897,127.45525286042609,92.62708111068272,531.7066644017823,1
Influenza,15.446848368335345,296.3167169208095,54.22185069886899,415.1103148016976,1
Influenza,32.3742533280369,154.55010851597663,99.2228136467953,630.7745734353399,1
Cholera,31.12758405076412,200.67721789892988,89.13340520575224,268.6760048294775,1
Influenza,36.141683727469285,34.27114157741875,40.42826801831212,836.577640327139,1
Cholera,21.724200789884648,142.6219823550221,70.74717917689634,999.4929358048491,1
Malaria,18.866803522080907,186.9997652714972,57.93898469602957,377.16454544202156,1
Cholera,38.4666203323343,104.95631525425634,39.504155016814366,673.1081474434795,1
Malaria,33.37562965474558,183.0323766108704,59.05421402486512,176.52301938414723,1
Typhoid,25.48336701048221,210.32927620928098,52.85852347928096,529.4054235785632,1
Cholera,37.73573759214691,57.038629895611706,85.70001236477634,567.399327551779,1
Malaria,32.025985677422725,71.25194138774098,52.01783142976198,503.8291463362163,1
Influenza,20.9687942771506,64.06285634710241,52.891546918398966,718.8298799620741,1
Typhoid,31.629930517405004,156.9196274307358,48.7064387298802,883.3405137724528,1
Influenza,25.080265829595568,225.71936469113638,62.50352146807455,693.5661676668798,1
Typhoid,26.49127049148931,129.29517057624662,44.35940261991607,238.1907408842751,1
Influenza,15.414695723196404,153.6279174897843,38.11966201583503,662.9141508889774,1
Malaria,18.440743359959033,0.27882506098831916,92.25789018757658,73.38708464917666,1
Typhoid,31.444134581815,169.31861410169688,94.63653004225819,607.1861919855763,1
Malaria,35.986522737519174,294.5396079781883,69.70755978028237,581.2255664878602,1
Influenza,21.166971613040577,217.93851453390144,99.34479610794908,144.21919460785512,1
Cholera,30.178382022089423,116.61790436296401,39.22392987602934,140.21701146695767,1
Malaria,27.302907326988453,77.4733164896875,56.7308604990609,981.0309465212032,1
Cholera,38.47642739917968,2.0046387671663335,81.78408121322744,643.9445310539202,1
Malaria,35.445855404375536,36.06271661118253,63.559127836867965,55.47072747321549,1
Cholera,21.148943209612703,48.2044119778667,34.925361924104465,320.84041025915474,1
Cholera,24.6050457844805,221.13021175290578,93.22034733352851,960.7672870374539,1
Typhoid,29.964074830443998,124.24232046469986,96.635668794091,564.0581336349024,1
Typhoid,32.86060410178106,227.7015847565793,28.201277125317958,538.1617409964293,1
Malaria,35.62830489821759,148.63563103829455,50.90791278786524,477.61821079877166,1
Typhoid,36.63928050236911,173.16482190268505,73.92302939399654,65.82744768200519,1
Influenza,33.433926934694995,142.80543881062997,50.07106281166155,424.75246464153355,1
Typhoid,21.219794718479427,282.6174658465786,43.86179633872982,786.7300318830494,1
Malaria,19.450899171743785,288.32109524083654,31.893018220249036,443.89291754067256,1
Malaria,38.254274135960614,253.27461072174552,74.06781971714692,182.16005644653313,1
Malaria,22.701519796309732,162.7620691664698,60.7051261471008,654.5159872766006,1
Malaria,32.52924653975649,218.11702848461704,64.96582355220568,949.7361337530931,1
Malaria,20.566901978077123,92.16492510638126,63.71668333824995,446.33374763634765,1
Typhoid,39.12824355317491,146.51823901948188,32.05408861679019,375.26445423186914,1
Typhoid,36.95083782111142,167.36210269802194,96.78328163238801,96.26010597993329,1
Influenza,15.885559210463626,98.7154096109613,94.52715906551919,748.45202179728,1
Malaria,18.07301696163469,266.5977240796196,60.24671606238691,476.88225493766,1
Influenza,19.875224510965396,195.6279185644952,82.47354851088724,801.890363845043,1
Typhoid,29.808758214834057,273.7090036850073,36.85297512045332,641.8182543853086,1
Cholera,37.39536493429705,96.66465103338851,30.01868563462617,500.61930441090317,1
Influenza,37.603383814454766,20.59459984436167,99.35113567579934,953.8270188801508,1
Influenza,27.456192446223504,99.10454438427419,94.69534590078996,57.15764497737101,1
Malaria,27.119459178758653,153.73729676457648,79.33495553829324,713.9035605028592,1
Cholera,35.59994129699946,61.22629834672808,57.52325980145231,810.8917854643588,1
Malaria,25.396533485198688,18.938972762389938,51.74040451644235,500.30595265102284,1
Influenza,34.62242442778669,212.30428042227473,83.08919717379251,541.4056036195288,1
Typhoid,28.40240915860301,92.85828488589833,85.10360157655589,700.4946139261854,1
Typhoid,25.458346602557004,225.28193950899546,28.10983180425273,313.96013728522666,1
Influenza,18.797567337807358,41.64815179482304,71.26997958425717,222.7860801791876,1
Malaria,23.2044870699403,62.71781211205381,26.775067350024546,493.358464840188,1
Cholera,25.143779215376526,66.14653040673191,80.99863075804424,565.3474532895233,1
Influenza,22.251138299060923,261.4242102572563,73.81623953671183,806.8473273318037,1
Cholera,16.596994185772573,95.21665500836556,37.6255278897574,539.5399285946579,1
Typhoid,28.66743531785175,69.58412883479262,51.27247967244117,614.7525184268644,1
Typhoid,36.78994318220576,77.00826849301376,73.22336815824443,810.3371350722363,1
Cholera,19.144363504081895,283.7094441000847,87.99802971845295,685.571220462653,1
Influenza,38.38242746363319,255.20407818145387,98.55245584612314,646.5937134738932,1
Influenza,33.865530539964794,147.5793300317187,44.195798263150394,516.847268652129,1
Cholera,30.323489562363136,282.9227513234123,39.2554169466004,165.42630748587214,1
Influenza,39.326919947807454,227.78775207554207,97.42091722156496,467.7534621825131,1
Typhoid,19.04410528380274,235.88278702712836,65.96699058542133,588.2465940628476,1
Cholera,35.61969640694467,154.69782175693604,57.06349226182375,93.13311739525793,1
Influenza,38.55504389212132,168.9864653536618,50.83332020319329,65.16793960920349,1
Typhoid,18.90381493415476,214.79166865421925,72.71391535281211,75.74119287830932,1
Malaria,19.38428196558624,274.32358377748795,53.50164199136585,413.9816018370226,1
Malaria,25.203792271667453,4.618467507392543,66.63408454434105,290.4464622206283,1
Typhoid,25.03950591063719,251.34772058497364,38.44553566440152,839.1103918630934,1
Typhoid,18.03466045398516,184.50389041166,81.97070245102304,661.7090408640742,1
Cholera,34.021358612862386,164.05789229253784,34.42463483382225,485.668046338148,1
Cholera,27.990291895075188,298.95789263958574,30.817385097028378,691.6832430696043,1
Cholera,15.276963814857742,219.052035993203,65.74314527487843,462.3495672769089,1
Malaria,22.952611172586803,288.34782471304953,91.33686921621967,856.720055226619,1
Influenza,21.823749868287194,102.42758088128949,55.90230431956918,917.5710464003835,1
Cholera,38.91999538710715,150.12034371306038,54.61833088157637,484.8146249013293,1
Cholera,39.71304119988616,7.571203754479261,40.211682449702934,544.0703580555928,1
Cholera,20.367397186583887,20.170254027168344,67.58779036015277,751.923343276381,1
Cholera,32.752751410542665,200.05632630428036,36.8889976932909,870.2307285141518,1
Cholera,26.571298875396266,131.56154656123064,37.480786748330424,426.95700473200066,1
Cholera,26.536137797182818,219.24540861354262,31.83873178926678,859.9298928064759,1
Influenza,31.1225726323089,86.47547315021055,43.90262968434013,896.6400694104223,1
Malaria,33.44742291739421,166.30621575342022,68.93765969874818,448.62005930640044,1
Typhoid,36.85794012136043,154.57081645926326,97.84882794160835,621.8386257639122,1
Cholera,26.518340006041846,296.6521623910989,58.65856607003481,987.5511481188827,1
Typhoid,36.05297307839272,251.49861141334137,57.49545278359762,444.0785272207819,1
Malaria,38.15752196283373,195.32310765058332,93.19677404350246,857.5366489003094,1
Cholera,17.506139093071916,4.977744189779365,72.93749461151653,622.3269698682584,1
Influenza,25.12551997700804,177.87551994953455,66.35319194748007,679.4902150579044,1
Malaria,29.56056645518116,224.42195382885964,84.941583047211,673.6546769649275,1
Malaria,27.038733506896357,190.6330936978568,27.25773617879448,80.98705092448819,1
Cholera,24.946389976143543,290.84112998261065,89.24057007151842,826.2184674018159,1
Malaria,28.724511236041046,65.78218857716271,22.693534257109818,253.8966695958627,1
Influenza,16.058556969309596,173.91784712916743,56.23288562140886,951.3071753922254,1
Malaria,26.989552543856256,175.25984541425078,78.94579803159303,579.8551526529155,1
Malaria,18.767938599135736,152.4596330222156,75.66502454327055,865.4408645730339,1
Typhoid,30.94963014483244,154.55255110011947,67.48308552985178,804.0566578614905,1
Cholera,34.26951545659699,0.8643754996843778,88.71653483365036,226.72185000538235,1
Influenza,27.096505471607784,36.97423743976543,44.61432715823588,929.7565818273522,1
Typhoid,32.824000196470145,3.447741989434594,52.70218089833057,927.8255269044462,1
Cholera,24.0736067961498,298.64414721127713,55.70818809581137,366.8910719985904,1
Malaria,31.507567992533453,229.3117986665208,41.20371426600032,69.89771297936717,1
Cholera,29.81019461648794,247.40428977754476,47.824736632175444,694.1153449311104,1
Typhoid,18.56485360204772,267.0291105551425,47.67019685902859,196.73675986215758,1
Typhoid,32.12936283194452,87.01320845339598,36.117113684282636,301.9481101469877,1
Malaria,15.039127629786822,190.9204110550221,24.090830515368058,294.72685931703575,1
Malaria,21.783725794347397,248.6212527455788,48.540266135487144,316.88778420301173,1
Malaria,16.523218043017998,208.2052242317226,34.62009327899487,353.09282061562783,1
Influenza,28.86643370087739,191.12725112427148,62.102276827056215,490.01408091377465,1
Typhoid,21.34552695391737,73.7422317918459,52.22115187698015,899.9106576987529,1
Cholera,18.230595002568734,17.322323840110798,87.60097897246207,106.09763723535835,1
Malaria,32.96849044633825,219.72031471751373,61.194667993060754,203.2946610026145,1
Influenza,33.07240241554439,246.25844194600577,77.47658166692429,558.284895442665,1
Cholera,20.663040650902644,184.1910918975698,40.228649460008896,598.7501666272015,1
Influenza,33.39157785597975,299.5042534178849,94.64906650748462,660.436939558432,1
Typhoid,36.663699543727176,171.54274908214612,92.57598572484979,945.8346259752403,1
Cholera,28.249258525535517,203.51756565090392,67.42167526961478,190.94232042504098,1
Malaria,27.588674537797154,20.43270741705676,37.45394636746185,938.6092532417614,1
Influenza,28.746604459109953,288.94770811952,29.180287953106834,515.8880932262375,1
Cholera,21.04733235282223,150.18107134641227,74.36962661880862,122.42725707488626,1
Cholera,32.236624228431644,240.17600973272485,36.012019539584806,209.10845314611626,1
Malaria,23.899787106799653,268.2651788687777,30.29987186397151,363.59453764464763,1
Typhoid,24.470539138922895,137.1000657845035,68.316629765801,527.1739300894037,1
Cholera,30.076607654262915,250.62234925263778,82.75366864027342,408.1362648299661,1
Typhoid,37.578776466915656,185.1791136291876,98.43701800739024,627.6834570647909,1
Typhoid,32.36962332599261,264.1403517045773,69.94832385070346,330.8520015458283,1
Influenza,39.31049997600258,134.6440937239818,32.7220002992209,221.18596642174052,1
Malaria,30.48744378518969,89.20651447105166,54.426974200713694,212.1315206224985,1
Malaria,34.00569649724216,178.69162218235329,57.72609508401267,441.2488684399051,1
Typhoid,22.804743414228234,128.23995845000672,71.61748606757311,757.9540055562928,1
Cholera,15.779578376532116,78.67921328994753,67.60623445602039,98.85452281003782,1
Malaria,15.242172068524194,257.38652727451716,78.49258755639337,949.4182334150181,1
Influenza,33.665080116105095,3.7789203815360883,71.55880492164752,223.7213004171288,1
Cholera,23.063769105965015,254.60093847740234,30.929706515362305,723.4654470646127,1
Typhoid,34.91357467150582,55.03043695984914,82.37528002182154,617.0076500491626,1
Malaria,32.8996173385431,182.19732503791977,27.086267170931528,693.0286620361976,1
Influenza,29.53910511094972,214.40870257072027,39.21755465667084,471.58277213763284,1
Malaria,25.35502313929576,219.72415944380057,90.53299858661701,165.42062153337713,1
Typhoid,35.1797329697797,258.3958877445272,85.3801849093457,537.0900745486872,1
Cholera,36.71023809867335,277.93913938685546,53.57019062454483,98.09134865562042,1
Cholera,17.90347400501314,286.7756486865958,45.117337390188226,893.9834886932472,1
Cholera,24.194578317981332,189.69174917807385,70.68237686087159,558.9859498710206,1
Malaria,22.113534641923344,132.91011190128583,69.3684755542925,857.4613639780451,1
Typhoid,38.732669926444146,118.99481191561628,96.32695492317065,178.2512135501466,1
Influenza,35.6985221794373,225.15057742959405,83.96297047356126,833.8760428581573,1
Influenza,25.27571174516762,251.9583908600161,92.00184987184089,385.7503103375822,1
Malaria,20.915244567687683,145.04942553204114,54.33195935666575,121.15104990188455,1
Malaria,15.13764497901052,2.2992097947675982,37.52550472814862,84.88529437578009,1
Influenza,24.09074005948235,291.5346248162882,96.99578359536889,289.1931810340959,1
Cholera,36.14010907474767,207.7478480007676,54.394486191211854,689.3182912747108,1
Malaria,22.14395811481765,129.83006387977878,74.83551065775212,365.8333492912764,1
Malaria,17.554840492342976,256.2629323384698,62.161927696948965,834.6247275099017,1
Influenza,24.941189489800905,228.6927096065816,56.39351116060696,303.88999830391555,1
Malaria,35.74553161793213,196.4176045495329,52.896325376948326,680.1944073139473,1
Typhoid,37.02237901361882,14.881772504844825,40.565015375136696,491.78451750986443,1
Cholera,33.918952256173206,204.16744853373044,33.285988186681095,106.15052983187181,1
Cholera,39.25186141666767,259.52132981261815,68.06337194716953,715.8224123816859,1
Influenza,26.155030524438594,241.75335978534991,20.637152379636092,928.3330026079647,1
Cholera,27.565781065753264,16.852823204231704,59.28765835065321,930.7550974155059,1
Malaria,33.62948738424036,22.9319583118343,91.67073449541276,804.2329165669665,1
Cholera,19.24394762718852,155.9321845668053,46.9602541145029,837.439197588479,1
Malaria,20.830701810613196,174.3916251680347,89.05108175912031,886.341970206496,1
Cholera,16.921551881904087,150.18728042112534,83.56124355925989,721.7321534033632,1
Typhoid,35.515986893598885,187.78190103047183,85.63414750170145,668.9105332648986,1
Malaria,20.731284880816037,216.6757705179199,77.60292292368595,659.0902512410324,1
Malaria,33.51190329883798,42.855086190251576,80.27423378055752,780.4766430022589,1
Malaria,36.91110189688234,192.87766908427596,76.31569081108076,915.0928033632887,1
Influenza,22.498234936826655,142.2925994605291,33.441604175414284,387.05742517356924,1
Influenza,34.120245022574885,52.451588178123764,60.205286117075396,428.72987638369744,1
Influenza,26.449080362238387,119.03679762437527,54.49683878914631,590.8330374280555,1
Malaria,33.00393652327351,86.16636276154524,90.38019218354749,96.75986881372353,1
Typhoid,35.590160519954736,269.6363669212043,64.24895768466972,821.6452149408248,1
Cholera,35.12725796239157,246.89514151253024,94.6168406506209,567.0412678080128,1
Malaria,29.415350178242946,167.6297833873193,49.69356128156251,796.3609483526709,1
Influenza,19.55590219470156,226.60842309529573,54.01246995929958,247.5445797247794,1
Influenza,38.2749654928146,15.152217714841964,63.78437952917474,895.9189006010315,1
Malaria,17.923088388134786,204.6459484684905,95.99197345968608,180.23498517481866,1
Typhoid,37.14049410604433,66.57013823531186,77.17130199269793,887.4852821937191,1
Malaria,15.601030934160946,160.24190884070916,75.06707292372519,761.2635545171973,1
Cholera,16.0828818313578,209.80183987579292,46.44488018450326,757.4998914377495,1
Influenza,22.44898628854876,157.08068280450337,75.81134971947706,806.6481868901834,1
Malaria,36.54356237295738,177.08566288594793,38.10232865713854,415.0276391305123,1
Typhoid,31.410240087516424,291.34527221048575,64.97510488516201,729.0156126217486,1
Typhoid,31.65963533945516,289.8142515386032,80.88302322006264,953.2340723447711,1
Cholera,29.33373364088045,197.64752104202117,40.184579987152524,259.21403630844935,1
Malaria,30.04516834863618,174.520994226356,52.11694232712346,371.1801888979483,1
Cholera,20.69374340258024,289.20865414965414,92.75636887497936,736.0360736831105,1
Malaria,21.724835110877443,239.26773019115646,44.8289567138859,482.4591416277111,1
Typhoid,35.72288685376694,11.102290414647786,67.70159027856424,268.5083954233179,1
Cholera,26.418264822146007,98.76918460241836,24.198536807978208,477.7244723389864,1
Malaria,38.929924087980865,267.0414160340742,72.18200887192401,486.6623675164505,1
Cholera,21.863506350003135,179.1140750687075,74.06729960699008,470.58111844055077,1
Cholera,38.0248630274144,208.37862817598563,78.31848493246531,868.606358597978,1
Influenza,20.6870400923385,49.85549988292476,46.61835812083033,942.9281542414234,1
Typhoid,25.374010901992012,219.14774324468982,30.828434797862727,237.75725956157365,1
Typhoid,36.981377871159616,202.67402758507794,63.75706010971105,838.2749642732626,1
Influenza,17.311237925926665,137.37008853812142,51.558351267108605,873.70717326,1
Malaria,37.087350556656475,224.3156321692242,96.24574776191625,364.21278943698803,1
Cholera,28.363980478907717,58.63740011051996,33.2983489641327,920.6646935597385,1
Cholera,21.882205336296504,46.86197060598659,70.87522614613687,619.3370103324659,1
Malaria,33.20030644490494,243.94429655039548,40.59831809149799,785.6985198759882,1
Malaria,34.092306733758015,157.02041127660246,38.14181002557166,683.1958778583831,1
Typhoid,38.30070263775043,30.75291839720378,94.9782789789161,703.4914361857727,1
Malaria,18.702173248834995,299.3221455146826,41.3424811420228,977.7842080410203,1
Malaria,33.27073687177191,46.84915343765218,38.76490346678629,965.179491179379,1
Typhoid,35.5147947331037,117.68011245706413,55.80414840848495,743.5016350268183,1
Influenza,22.978087245511563,140.9746116100786,60.19927014615456,240.73242601884468,1
Malaria,24.93930052718806,155.32540515824402,87.01680847258623,691.9056111873167,1
Malaria,19.768149689772365,104.11871054981849,63.77900163365145,992.1842369302869,1
Influenza,38.091620938741315,299.25543935180247,22.596086143254055,273.80881683244365,1
Malaria,35.91246226545084,15.064329507136575,57.16905350471767,410.63592622908675,1
Typhoid,30.859092221792178,66.62276120799618,45.73359917276389,855.6399851214097,1
Malaria,37.471184704506186,195.2305642676242,89.93813793106813,50.1789795787528,1
Influenza,26.0859775709011,96.29911369226934,62.087521060123365,703.380746047448,1
Malaria,32.72651298627291,261.2907371238257,77.12695457059422,811.6416789163022,1
Cholera,36.91663444656123,125.25182520836763,56.955428046047004,990.8242476746883,1
Typhoid,23.72225187604559,156.47981880340745,83.55885069187926,890.1577196718227,1
Malaria,21.59209506586541,79.94951801126466,78.57476627672499,288.1941275335179,1
Malaria,35.95288224120276,283.38426584220696,74.65984226317167,522.3160258080059,1
Malaria,20.589895962986315,288.9667618321834,20.972357975185307,971.384885372257,1
Influenza,25.484740291674292,150.02403548147478,82.8078171276566,618.9031300754671,1
Malaria,27.02265001882674,130.55411977660702,94.98826353726915,720.7180572808234,1
Malaria,36.51826458140859,2.085639159357211,60.85978420620526,446.54045299134003,1
Influenza,22.22212347272914,119.35098765064708,93.56248197248398,993.5922646518159,1
Cholera,16.141218637559593,42.007229265995306,42.14514462330446,972.9560563559982,1
Malaria,15.939277259972684,38.360040366725265,81.24374004126886,50.01105301759783,1
Malaria,17.080576655201806,258.8878869939055,58.444795266901444,115.3162111013631,1
Influenza,34.21499511971271,73.09701481916,73.72467548904298,138.28268716042044,1
Typhoid,30.378228513529997,273.18171516432653,60.78832076403661,526.211862394443,1
Malaria,36.107871603809556,274.7422750052017,77.43461527520815,319.42752724627945,1
Malaria,35.098962688813,165.75029022236674,61.613591384860094,185.73216327244114,1
Influenza,32.904476868323805,179.70880943319796,86.14390622472627,961.1210548358264,1
Typhoid,22.38195723050775,238.0221774443512,34.81827572379277,921.8648647128084,1
Malaria,21.92531310814947,276.39225366389263,66.65526434216781,613.1981714827047,1
Malaria,20.512092336832602,217.717773109231,69.37992166789806,752.4378183397463,1
Cholera,26.26716187347283,201.616811625676,66.68455738598549,549.4684085811782,1
Typhoid,16.29738248796027,42.651134011168665,37.07146783805516,681.8888845264851,1
Influenza,29.810364221551062,13.935123815999317,68.60358815211507,211.99791750292695,1
Influenza,38.50575603562394,172.64225336276368,51.05359409652175,661.1238075202356,1
Cholera,39.17631703565087,117.83813274280301,88.33775250726944,784.4345896125928,1
Malaria,19.728477500574616,276.7102454010309,75.64997218832464,630.2321941507867,1
Malaria,21.96607657787591,65.61294009707497,34.62702238950537,834.4254039826336,1
Influenza,23.907445951924373,272.0485324637262,41.77057995077082,665.3056145142942,1
Malaria,39.18951378800619,164.3915649744262,53.877675384649486,590.0942695624605,1
Influenza,30.147420379487073,128.5055401706539,22.16853218689865,794.3264274585134,1
Influenza,35.96522218834906,242.5711602442171,45.43237390186269,58.33835135053299,1
Cholera,28.11891079080595,129.58350559263474,43.298331215843355,631.2602499862605,1
Malaria,38.13805519629702,20.500231453681263,54.429979975263464,711.0076037726726,1
Cholera,37.75532587169391,191.70964767447626,96.28280782812071,887.5348578840977,1
Typhoid,17.025965261626418,248.91685989648732,98.1435498262069,434.4888106381757,1
Influenza,18.276465770107258,239.21830737233358,60.63589535251266,762.8142370289582,1
Cholera,32.11565485662416,270.81165313360685,86.9810405710807,171.000999775487,1
Malaria,35.54103924447388,30.41395274095906,83.35130590365834,820.9934041339707,1
Malaria,16.72395040891053,17.116416345376294,42.57496597545601,298.62039954911063,1
Malaria,27.915897281775358,78.2487524491227,99.70029598063394,967.148383724354,1
Cholera,29.911676885338593,244.31517620072444,50.56987955679786,175.65527934355762,1
Cholera,15.292665268272602,126.6102780382917,43.6032566123325,511.7004691077229,1
Malaria,27.63130931119643,247.9372398323225,45.603968082448944,900.7470670713905,1
Malaria,19.57538610586818,6.610548089251256,77.60064317304905,447.0904371769601,1
Malaria,18.876040418193604,294.5522664931593,87.11468016554906,867.3843873960915,1
Malaria,19.55294789221748,236.90955214274373,72.69662204007008,523.285930630482,1
Typhoid,26.026803956269593,58.68278191335451,34.937863661843316,139.33429921255305,1
Influenza,33.17192265349429,262.2041013926147,37.65700687555349,200.52563533041067,1
Malaria,34.559637101456836,170.10487829600035,79.07593674010613,884.5897832362805,1
Typhoid,35.37680251689517,263.2356379809506,81.85468010070066,688.0083557919796,1
Typhoid,25.48179152915055,5.43721231371892,83.42064908582502,115.59361099886974,1
Malaria,29.379083762415625,143.80633204135555,45.09821529552768,626.0523972117068,1
Cholera,31.557843468268,225.54754378700434,84.95569877103067,948.4622171146336,1
Cholera,22.186541622431253,197.02681904236712,97.48298653599137,623.4553405314064,1
Malaria,34.14671064156329,23.763945002511242,23.76467035680151,68.47564784967712,1
Influenza,39.88685380867036,273.45441775975524,37.72138176904846,103.35390940814744,1
Typhoid,34.22468537951276,283.4297189647284,87.97179125419292,284.98069665603776,1
Influenza,15.973946158711605,117.5432683851515,84.19214275610594,374.1822272698346,1
Influenza,29.697109277759672,284.5750064554301,40.20222256603354,391.28821052043327,1
Typhoid,29.748697070045218,1.9305634490387136,81.80130288635232,717.3639245090454,1
Malaria,24.88787924622538,181.85661406835146,67.81788522046915,803.3082898753499,1
Cholera,26.749706703948416,267.0423412188044,76.6177080214022,109.0930648564676,1
Cholera,33.035551683218294,42.38341478265174,36.958599272179086,827.7982538705567,1
Malaria,28.991217087172853,2.9312542257550978,46.11690465951935,541.8260612154759,1
Typhoid,22.13771950296279,159.47321903249795,60.84494363274705,829.5688197927573,1
Malaria,38.01916521158393,175.3346729272278,63.066555460457074,305.41083866308384,1
Malaria,23.64801118754236,94.55685632920769,81.7486180945297,132.10338022441914,1
Influenza,31.34985230849503,245.51086994440118,24.00148614568898,915.9452286590507,1
Influenza,37.45135723601784,61.54189214460215,35.255017653093326,84.72218445569013,1
Influenza,30.567238523744937,297.03265382605974,44.95035486109802,372.9732706035858,1
Malaria,19.223376576804114,83.57710170958758,34.160838742139745,134.26740706920282,1
Influenza,33.347634425046735,103.96762794496428,52.61726165321802,169.28729970538882,1
Typhoid,39.592789580228796,15.052605095992199,27.735564783005373,734.4339043896184,1
Malaria,15.058484765644456,290.3098164621259,20.42030548467079,147.93905871305765,1
Typhoid,26.225969198253146,71.24356702567725,23.969149867106996,738.3683725052475,1
Typhoid,21.7999651336089,1.9137130219772036,98.26838296454854,967.4598493287601,1
Malaria,21.78876137943714,94.86453676899902,87.59766829120811,502.5062345965591,1
Typhoid,39.26874894176676,282.69461690195783,82.7074141414139,387.0992922440459,1
Malaria,22.938864496737544,77.81652022295887,27.00730379247571,135.42043261671716,1
Malaria,17.039373140284148,26.336471117447992,33.746356828612676,542.1736231383275,1
Typhoid,30.584489148997676,180.74075113717993,59.18286943905926,552.2237737898118,1
Influenza,20.97856363586308,153.69010406612418,81.88576813845762,91.83836041904118,1
Malaria,39.239615694113965,232.53984700833436,95.15991532513513,900.0859829062664,1
Cholera,35.955760527045015,108.42113372015591,88.78357398493165,436.4645609041374,1
Typhoid,23.449878921288395,112.6748857919832,27.51855518726952,599.3661339463653,1
Cholera,33.915895094623366,77.60649920937239,35.45062916698345,129.8933132445854,1
Influenza,34.720056597633985,191.88166835330455,74.11410898707138,175.1087665484366,1
Cholera,27.896547567808202,80.27780301839145,86.83841805937556,63.95871922220615,1
Cholera,37.82327511936725,101.93107268965313,56.44953251498013,694.2081394064983,1
Malaria,28.07744610425372,188.81959144057876,75.65989511876937,481.8140115293846,1
Typhoid,32.07959641113703,246.7751627735022,62.372934292406484,824.3017069823343,1
Influenza,18.508112954837873,201.3472420139066,69.63790280415765,755.1405278391328,1
Typhoid,33.32509049070883,202.8376192764871,31.074839466351545,599.898159633813,1
Malaria,31.35331842569684,266.738377182003,66.30454036095524,650.771758111968,1
Malaria,18.025625012129826,125.68433705624263,80.09424382467344,117.45728130659269,1
Malaria,31.87233007635387,71.7199152225089,80.64323368089731,772.0052677139936,1
Cholera,24.432951349079822,289.22352494703244,27.143161962045834,702.6683031780806,1
Malaria,36.503059929730114,233.95529666800493,23.16950602786857,506.4815998949375,1
Influenza,37.91588089603018,129.2955661539889,45.509345465691105,603.0888092644082,1
Cholera,33.32147968329578,262.8577434808668,77.8227680497217,270.2492271289901,1
Typhoid,20.383609534563817,179.12873105601594,67.58425717422317,403.5903722339583,1
Cholera,28.613883116366885,47.963929009932414,75.29973310287915,209.18821233928116,1
Influenza,39.131295759769245,137.17954848411856,87.36184600095851,234.66103229512936,1
Malaria,22.333835536025248,157.64109220676795,75.8266228404136,905.2509056419668,1
Cholera,30.082295142873576,142.02026444847377,24.777319117671148,688.0601674687283,1
Influenza,36.28621593878164,0.09975183614682193,21.41502476906058,622.4255056507217,1
Malaria,29.884159253921815,124.54369619782372,53.77537871045425,795.8107249941096,1
Cholera,25.374280385001953,213.8333028650493,50.89695942536245,609.0796884010393,1
Malaria,20.008978588717817,260.4368440471593,77.19392321617981,584.6127720262135,1
Influenza,31.90995922275015,90.2898958894865,34.723581764017084,768.6285335894662,1
Cholera,17.186162544997135,113.20895303899523,53.08132242319673,87.82086747346614,1
Cholera,30.41625786301845,238.96118729285288,58.52178812100401,161.44277951427475,1
Malaria,36.76584703708726,227.72607976669153,78.2023384180076,510.1716263208068,1
Cholera,17.832587618186604,121.08030070847737,79.03079878676849,719.326706626073,1
Cholera,31.98874817834771,67.46706504477375,54.510451901925975,733.2019020973405,1
Influenza,24.312723288836647,278.5891686346182,24.94467685513781,137.7425017058096,1
Cholera,25.54406649326281,238.60255138772922,79.60516384961764,102.13848391415118,1
Cholera,16.59211918756292,53.13814325947621,20.411170206844822,473.1390450504975,1
Cholera,17.519865075397163,76.80465955609867,78.08764688499207,613.3147599958805,1
Typhoid,29.859896480713633,115.08367812168655,25.250091565921036,830.4373000370689,1
Cholera,25.68724219801538,48.670021734743806,21.00860159806072,581.7678994564634,1
Influenza,15.39557929992052,156.82804246856094,57.66938849785414,673.2522708769188,1
Cholera,35.071336214950286,1.3896069013808576,46.679933735291534,428.26025891139614,1
Typhoid,20.559032618704258,155.76737123406153,68.6202146476522,283.0846984579005,1
Typhoid,27.64894769337329,66.25583488890268,23.114397066053396,84.21787737685507,1
Typhoid,37.36131392060581,136.79378272798107,55.47646691055233,622.0111360870405,1
Malaria,33.716130853155,95.276038578335,20.010775440358827,535.5726822753684,1
Typhoid,24.618314412686125,130.79855417117574,67.52395724534489,610.1708203939703,1
Malaria,31.74793661375098,13.249631313030052,67.06110055759449,999.3858245875431,1
Cholera,26.822299140829553,160.60743055279826,34.27567721822177,346.6581967463562,1
Malaria,35.03842779707474,287.87299329631,59.028323514109,154.24938874362834,1
Typhoid,29.42806465095802,107.13634779015084,83.00392686870234,288.45131409918525,1
Cholera,26.176388595160635,138.10748136057788,89.16508876181359,569.315809178399,1
Cholera,16.54714254201188,160.61038235449536,65.28573171585322,763.8802972363765,1
Cholera,31.89557312760184,197.44794728927204,25.608651171300558,425.4963496595999,1
Typhoid,31.564197943469626,242.31534599444387,90.873119639794,825.2750902261837,1
Malaria,27.225894382690498,257.8669190753811,67.38410968496765,709.9210841696666,1
Typhoid,26.913161770805935,221.3641245506227,31.120176415926217,468.06752131317353,1
Cholera,23.602290446236054,156.16315119145753,55.253190673943486,885.9188953906638,1
Cholera,37.124958913082025,159.07953979047005,55.282572939852926,434.26117719775823,1
Malaria,26.489601430340578,91.9390404128461,85.79049689482835,104.12979064749987,1
Influenza,18.79438524627755,266.87298549914766,95.51426267811662,777.5375872731644,1
Malaria,29.13549919019356,132.67568295586773,83.77688580630102,738.0209202313517,1
Cholera,33.198482674344135,148.93834570658993,54.948056209214364,743.0328172197769,1
Influenza,16.295894977993225,164.65759952320678,43.010618323494256,341.43776954603413,1
Cholera,32.524228286478,21.828901909258057,85.7488047432285,720.9301157986714,1
Influenza,18.05941893312945,220.65168194626128,38.868607931494964,402.85090177939344,1
Malaria,34.206835346612955,125.33003465020013,53.70856018216561,750.7031865094469,1
Influenza,15.023585381690777,11.77951549459807,98.18270585415435,280.2360103799242,1
Typhoid,22.356668415927857,34.43907817538403,95.32263282275528,794.9958656470035,1
Malaria,31.890532739956083,11.425890179795783,69.59748518993314,713.2885091426748,1
Malaria,26.869225151091282,100.89701828110006,93.64287080820438,61.40287590904842,1
Malaria,19.11013822697197,34.974922366709016,63.73565456577041,907.2923816217983,1
Influenza,22.786829278318933,234.1487122638263,42.206973810353446,259.0923533770422,1
Malaria,25.519030044148145,180.50464920548882,94.96871559357416,346.2120301079802,1
Typhoid,37.5240223922617,298.84730204963364,86.03325312991585,852.6277803674675,1
Cholera,30.23764727512458,170.529586299151,83.35944267245678,987.3532310361729,1
Influenza,29.837144074398367,268.71801777785186,66.66132142504364,493.61959996543015,1
Malaria,15.685507749316441,117.89226760358737,62.0650079098659,536.0973172524361,1
Influenza,19.246814860111908,16.62476653267333,46.49171913313198,777.6729961124202,1
Malaria,18.102684192844436,36.42447165149164,77.69058858854589,224.5954318525061,1
Cholera,28.854450062894834,195.42611650555926,86.37934429657614,246.10020817257305,1
Malaria,31.367327035783706,114.02235268116159,35.77233012583019,505.2240679714199,1
Influenza,19.03418395970958,171.59876348507782,84.4345863439989,772.1528833006511,1
Malaria,38.724516676175035,42.766966509934676,50.57115798660554,576.9952131182365,1
Malaria,18.5867364254505,45.4336565806072,54.62171874734551,615.895832953453,1
Typhoid,17.884866054472933,181.69136679702345,29.376312454418674,370.34624678746445,1
Influenza,39.87048234914877,213.51684172381462,98.49149854334576,591.0627905887485,1
Malaria,17.56981011231664,171.27135055324928,21.469410955243198,508.238562474012,1
Typhoid,21.35561449743733,156.51901399086395,47.41227904967323,555.6327393849842,1
Typhoid,26.48099693992395,15.586973266280523,82.90225595072265,241.29559302917568,1
Influenza,26.44989397508929,119.40158788635085,44.23325830665541,112.41011600664748,1
Malaria,19.68761142797451,225.1795370232379,38.879728472739004,186.36751814657953,1
Cholera,39.28487735104099,54.29308581284693,88.35080746956633,517.6639636256331,1
Cholera,31.015379588722183,199.98014371398577,33.01597950468527,586.8310468301185,1
Influenza,24.31721292530785,77.92613512809787,77.87360909508679,521.0819483248322,1
Malaria,20.801393492528902,79.61103348059262,64.34699794722759,239.530049183128,1
Influenza,39.1455540288305,129.7493634990396,44.945290646820766,530.8347696982319,1
Typhoid,29.702340940136175,94.82330515297922,70.15747476229733,817.9751381888218,1
Malaria,24.92537603092979,26.127830038731446,69.3653212894241,158.14647380277134,1
Influenza,26.50405661221099,224.78511380873292,43.247004784508405,797.621628171783,1
Malaria,24.732390351049414,86.60812103120996,48.45381731719593,733.0936099250332,1
Typhoid,37.93283938655607,41.04558927568842,96.0189883056642,473.70548431005795,1
Influenza,20.4472844906686,198.55037553419945,70.69692798124233,613.7883135694876,1
Typhoid,38.82800285985344,215.77356017274957,94.41321622900401,551.2085746085575,1
Malaria,28.391414983689465,250.83531096217462,85.71106903205555,851.1598593984891,1
Cholera,34.667708517682726,232.09876946869971,79.82708595296575,193.0776980573603,1
Cholera,20.630592556712244,39.40482244347201,51.906882376298356,926.4919051834001,1
Influenza,18.018665897417,293.0896638379868,34.95451435531575,473.01032352646934,1
Cholera,23.152696312814335,21.27478784639377,47.983684944607354,869.3716820315061,1
Cholera,37.86827787391259,3.4441979248133525,56.00932211798488,978.2490213989947,1
Malaria,28.2234283506803,281.72030955386884,83.90265886189323,998.0374050066706,1
Typhoid,36.81299879573406,73.24426815207217,56.00878869480237,929.5360057213416,1
Typhoid,20.87485693836729,249.04529489937545,95.86012302320634,339.372237985481,1
Cholera,25.18857577581077,122.1319467376883,25.280787531219325,381.37950727100537,1
Malaria,31.457685987651548,131.31504748006242,42.140330556104686,580.2626246959187,1
Influenza,18.966161191062277,36.049394341692654,47.35037333731213,137.20911252276977,1
Typhoid,37.40839546302799,3.9005770532208106,26.840682468357446,247.49194238872596,1
Typhoid,35.081122616620156,295.9689342343231,67.8271989476548,127.86744791147908,1
Cholera,24.681860285621035,197.9070818791423,55.36267367448988,665.8217953674538,1
Typhoid,19.41320080013771,66.14586272105261,34.91506097154036,790.6052498884156,1
Malaria,20.2721556920197,257.1574971178766,85.6341456207216,468.54485161169197,1
Cholera,26.391418819642823,186.03977934046102,42.19049463849061,228.71510173757324,1
Cholera,36.38651460027518,211.0973578140071,57.93390632698602,142.9424526184514,1
Malaria,28.2792382000258,280.9817076884884,23.14748325348077,166.00441830952548,1
Malaria,27.009252046658865,295.5858151996513,50.13911759503526,762.0993849772684,1
Influenza,39.86621603899995,26.9436462848322,20.18540383238511,91.9538393689397,1
Malaria,28.246000579527916,212.16902869333336,81.4223601154271,132.92567061019167,1
Cholera,19.344039828393594,213.60420609923423,86.07825701664655,145.60560459735666,1
Cholera,37.638119808241846,231.78681823481477,41.191635778938675,663.0253456494311,1
Influenza,30.901061719499207,109.3062715284696,43.61934419917137,885.52174219172,1
Typhoid,32.00570606078229,21.659522693752752,22.452200176464487,294.79874408565297,1
Typhoid,29.03108564619253,114.87806242613695,97.7369676311283,856.4681330527796,1
Malaria,30.697360373715902,58.28218605361267,25.675273359994215,426.944635853194,1
Influenza,22.634096508609836,145.684126075868,55.87393143889979,994.7345894802796,1
Malaria,17.213889605581034,30.9926871372047,66.7736560354071,703.7974725732656,1
Typhoid,19.159439673306807,231.29528775964064,76.68576036821035,499.8951940133341,1
Cholera,27.445312700857258,31.642109986989176,72.54240837794353,830.9980025702142,1
Influenza,19.475790936039594,239.25421358894576,74.20366441470208,569.582432186203,1
Influenza,38.292449342029215,186.1113756371163,84.30041888094101,129.538690953081,1
Cholera,15.263778061254746,118.22704583235092,88.07615195254401,378.5659150765058,1
Typhoid,29.296806780679663,176.33080825865946,34.75810025069115,394.12366956967395,1
Influenza,37.130971967689135,26.011970278692065,63.06904816808182,917.5682019653069,1
Cholera,25.021285419090997,138.6017410932398,95.78266716894522,195.6838329602762,1
Influenza,29.335947203082153,189.55116365093977,55.87564175826558,328.5502331131613,1
Malaria,35.57396115553715,62.925884305104404,50.32217009752779,974.7845204773645,1
Malaria,24.07457101009679,263.783866847102,78.0297280187886,156.96094320273474,1
